{
  "lang":"tr",
  "name":"pipeline",
  "version":"0.0.0",
  "spacy_version":">=3.7.5,<3.8.0",
  "description":"",
  "author":"",
  "email":"",
  "url":"",
  "license":"",
  "spacy_git_version":"a6d0fc360",
  "vectors":{
    "width":0,
    "vectors":0,
    "keys":0,
    "name":null,
    "mode":"default"
  },
  "labels":{
    "ner":[
      "Amazon",
      "Ankamall AVM",
      "Askercell",
      "Atlaspark AVM",
      "CepteMax",
      "E-Devlet",
      "GNC",
      "Harman Ambalaj",
      "Hosting",
      "Mobbyland",
      "Omix",
      "Paycell",
      "Recom",
      "Salla Kazan",
      "SuperBox",
      "SuperOnline",
      "Superbox",
      "Turkcell",
      "T\u00fcrk Telekom",
      "ZTE",
      "m\u00fc\u015fteri hizmetleri",
      "vodafone"
    ]
  },
  "pipeline":[
    "ner"
  ],
  "components":[
    "ner"
  ],
  "disabled":[

  ]
}